Word1,Word2,word1_audio,word2_audio,Level,Difficulty_Score
cat,hat,/audio/cat.mp3,/audio/hat_rhyme.mp3,0,0
dog,log,/audio/dog.mp3,/audio/log_rhyme.mp3,0,0
tree,free,/audio/tree.mp3,/audio/free_rhyme.mp3,0,0
day,say,/audio/day.mp3,/audio/say_rhyme.mp3,0,0
night,light,/audio/night.mp3,/audio/light_rhyme.mp3,0,0
bright,right,/audio/bright.mp3,/audio/right_rhyme.mp3,1,1
sun,run,/audio/sun.mp3,/audio/run_rhyme.mp3,0,0
moon,spoon,/audio/moon.mp3,/audio/spoon_rhyme.mp3,1,1
car,star,/audio/car.mp3,/audio/star_rhyme.mp3,1,1
bear,chair,/audio/bear.mp3,/audio/chair_rhyme.mp3,2,1
book,look,/audio/book.mp3,/audio/look_rhyme.mp3,0,0
pen,hen,/audio/pen.mp3,/audio/hen_rhyme.mp3,0,0
mouse,house,/audio/mouse.mp3,/audio/house_rhyme.mp3,0,0
cake,bake,/audio/cake.mp3,/audio/bake_rhyme.mp3,0,0
lake,snake,/audio/lake.mp3,/audio/snake_rhyme.mp3,2,1
train,rain,/audio/train.mp3,/audio/rain_rhyme.mp3,2,1
plane,pain,/audio/plane.mp3,/audio/pain_rhyme.mp3,2,1
ball,tall,/audio/ball.mp3,/audio/tall_rhyme.mp3,0,0
wall,call,/audio/wall.mp3,/audio/call_rhyme.mp3,0,0
small,tall,/audio/small.mp3,/audio/tall_rhyme.mp3,2,1
bee,free,/audio/bee.mp3,/audio/free_rhyme.mp3,2,1
key,sea,/audio/key.mp3,/audio/sea_rhyme.mp3,0,0
tea,free,/audio/tea.mp3,/audio/free_rhyme.mp3,2,1
me,tree,/audio/me.mp3,/audio/tree_rhyme.mp3,3,2
see,bee,/audio/see.mp3,/audio/bee_rhyme.mp3,0,0
fly,sky,/audio/fly.mp3,/audio/sky_rhyme.mp3,0,0
cry,try,/audio/cry.mp3,/audio/try_rhyme.mp3,0,0
pie,tie,/audio/pie.mp3,/audio/tie_rhyme.mp3,0,0
high,sigh,/audio/high.mp3,/audio/sigh_rhyme.mp3,0,0
blue,TRUE,/audio/blue.mp3,/audio/TRUE_rhyme.mp3,0,0
new,knew,/audio/new.mp3,/audio/knew_rhyme.mp3,2,1
shoe,two,/audio/shoe.mp3,/audio/two_rhyme.mp3,2,1
cold,old,/audio/cold.mp3,/audio/old_rhyme.mp3,2,1
gold,told,/audio/gold.mp3,/audio/told_rhyme.mp3,0,0
bold,sold,/audio/bold.mp3,/audio/sold_rhyme.mp3,0,0
rose,toes,/audio/rose.mp3,/audio/toes_rhyme.mp3,0,0
nose,toes,/audio/nose.mp3,/audio/toes_rhyme.mp3,0,0
close,toes,/audio/close.mp3,/audio/toes_rhyme.mp3,2,1
coat,boat,/audio/coat.mp3,/audio/boat_rhyme.mp3,0,0
goat,float,/audio/goat.mp3,/audio/float_rhyme.mp3,2,1
note,vote,/audio/note.mp3,/audio/vote_rhyme.mp3,0,0
rope,hope,/audio/rope.mp3,/audio/hope_rhyme.mp3,0,0
soap,hope,/audio/soap.mp3,/audio/hope_rhyme.mp3,0,0
cope,hope,/audio/cope.mp3,/audio/hope_rhyme.mp3,0,0
sing,ring,/audio/sing.mp3,/audio/ring_rhyme.mp3,0,0
king,wing,/audio/king.mp3,/audio/wing_rhyme.mp3,0,0
spring,thing,/audio/spring.mp3,/audio/thing_rhyme.mp3,2,1
sand,hand,/audio/sand.mp3,/audio/hand_rhyme.mp3,0,0
land,band,/audio/land.mp3,/audio/band_rhyme.mp3,0,0
stand,band,/audio/stand.mp3,/audio/band_rhyme.mp3,2,1
fan,man,/audio/fan.mp3,/audio/man_rhyme.mp3,0,0
can,plan,/audio/can.mp3,/audio/plan_rhyme.mp3,2,1
pan,man,/audio/pan.mp3,/audio/man_rhyme.mp3,0,0
rat,cat,/audio/rat.mp3,/audio/cat_rhyme.mp3,0,0
bat,mat,/audio/bat.mp3,/audio/mat_rhyme.mp3,0,0
fat,cat,/audio/fat.mp3,/audio/cat_rhyme.mp3,0,0
pig,big,/audio/pig.mp3,/audio/big_rhyme.mp3,0,0
dig,wig,/audio/dig.mp3,/audio/wig_rhyme.mp3,0,0
fig,big,/audio/fig.mp3,/audio/big_rhyme.mp3,0,0
hill,will,/audio/hill.mp3,/audio/will_rhyme.mp3,0,0
pill,will,/audio/pill.mp3,/audio/will_rhyme.mp3,0,0
still,will,/audio/still.mp3,/audio/will_rhyme.mp3,2,1
bell,tell,/audio/bell.mp3,/audio/tell_rhyme.mp3,0,0
sell,well,/audio/sell.mp3,/audio/well_rhyme.mp3,0,0
smell,tell,/audio/smell.mp3,/audio/tell_rhyme.mp3,2,1
duck,luck,/audio/duck.mp3,/audio/luck_rhyme.mp3,0,0
truck,luck,/audio/truck.mp3,/audio/luck_rhyme.mp3,2,1
stuck,luck,/audio/stuck.mp3,/audio/luck_rhyme.mp3,2,1
jump,lump,/audio/jump.mp3,/audio/lump_rhyme.mp3,0,0
bump,lump,/audio/bump.mp3,/audio/lump_rhyme.mp3,0,0
plump,lump,/audio/plump.mp3,/audio/lump_rhyme.mp3,2,1
fish,dish,/audio/fish.mp3,/audio/dish_rhyme.mp3,0,0
wish,dish,/audio/wish.mp3,/audio/dish_rhyme.mp3,0,0
swish,dish,/audio/swish.mp3,/audio/dish_rhyme.mp3,2,1
play,say,/audio/play.mp3,/audio/say_rhyme.mp3,2,1
gray,say,/audio/gray.mp3,/audio/say_rhyme.mp3,2,1
way,say,/audio/way.mp3,/audio/say_rhyme.mp3,0,0
round,sound,/audio/round.mp3,/audio/sound_rhyme.mp3,0,0
found,sound,/audio/found.mp3,/audio/sound_rhyme.mp3,0,0
ground,sound,/audio/ground.mp3,/audio/sound_rhyme.mp3,2,1
down,town,/audio/down.mp3,/audio/town_rhyme.mp3,0,0
brown,town,/audio/brown.mp3,/audio/town_rhyme.mp3,2,1
clown,town,/audio/clown.mp3,/audio/town_rhyme.mp3,2,1
loud,cloud,/audio/loud.mp3,/audio/cloud_rhyme.mp3,2,1
proud,cloud,/audio/proud.mp3,/audio/cloud_rhyme.mp3,0,0
shroud,cloud,/audio/shroud.mp3,/audio/cloud_rhyme.mp3,2,1
sheep,deep,/audio/sheep.mp3,/audio/deep_rhyme.mp3,2,1
keep,deep,/audio/keep.mp3,/audio/deep_rhyme.mp3,0,0
sleep,deep,/audio/sleep.mp3,/audio/deep_rhyme.mp3,2,1
feet,meet,/audio/feet.mp3,/audio/meet_rhyme.mp3,0,0
sweet,meet,/audio/sweet.mp3,/audio/meet_rhyme.mp3,2,1
street,meet,/audio/street.mp3,/audio/meet_rhyme.mp3,3,2
read,lead,/audio/read.mp3,/audio/lead_rhyme.mp3,0,0
seed,lead,/audio/seed.mp3,/audio/lead_rhyme.mp3,0,0
need,lead,/audio/need.mp3,/audio/lead_rhyme.mp3,0,0
head,bed,/audio/head.mp3,/audio/bed_rhyme.mp3,2,1
red,bed,/audio/red.mp3,/audio/bed_rhyme.mp3,0,0
fed,bed,/audio/fed.mp3,/audio/bed_rhyme.mp3,0,0
thread,bed,/audio/thread.mp3,/audio/bed_rhyme.mp3,4,3
bread,bed,/audio/bread.mp3,/audio/bed_rhyme.mp3,3,2
dead,bed,/audio/dead.mp3,/audio/bed_rhyme.mp3,2,1
plant,slant,/audio/plant.mp3,/audio/slant_rhyme.mp3,0,0
grant,slant,/audio/grant.mp3,/audio/slant_rhyme.mp3,0,0
want,aunt,/audio/want.mp3,/audio/aunt_rhyme.mp3,0,0
chant,aunt,/audio/chant.mp3,/audio/aunt_rhyme.mp3,2,1
dance,chance,/audio/dance.mp3,/audio/chance_rhyme.mp3,2,1
glance,chance,/audio/glance.mp3,/audio/chance_rhyme.mp3,0,0
prance,chance,/audio/prance.mp3,/audio/chance_rhyme.mp3,0,0
peach,reach,/audio/peach.mp3,/audio/reach_rhyme.mp3,0,0
teach,reach,/audio/teach.mp3,/audio/reach_rhyme.mp3,0,0
beach,reach,/audio/beach.mp3,/audio/reach_rhyme.mp3,0,0
pitch,stitch,/audio/pitch.mp3,/audio/stitch_rhyme.mp3,2,1
witch,stitch,/audio/witch.mp3,/audio/stitch_rhyme.mp3,2,1
ditch,stitch,/audio/ditch.mp3,/audio/stitch_rhyme.mp3,2,1
rich,which,/audio/rich.mp3,/audio/which_rhyme.mp3,2,1
itch,which,/audio/itch.mp3,/audio/which_rhyme.mp3,2,1
niche,which,/audio/niche.mp3,/audio/which_rhyme.mp3,0,0
frown,down,/audio/frown.mp3,/audio/down_rhyme.mp3,2,1
gown,town,/audio/gown.mp3,/audio/town_rhyme.mp3,0,0
clown,brown,/audio/clown.mp3,/audio/brown_rhyme.mp3,0,0
crown,down,/audio/crown.mp3,/audio/down_rhyme.mp3,2,1
town,brown,/audio/town.mp3,/audio/brown_rhyme.mp3,2,1
down,frown,/audio/down.mp3,/audio/frown_rhyme.mp3,2,1
brown,clown,/audio/brown.mp3,/audio/clown_rhyme.mp3,0,0
sound,round,/audio/sound.mp3,/audio/round_rhyme.mp3,0,0
bound,found,/audio/bound.mp3,/audio/found_rhyme.mp3,0,0
ground,sound,/audio/ground.mp3,/audio/sound_rhyme.mp3,2,1
pound,found,/audio/pound.mp3,/audio/found_rhyme.mp3,0,0
mound,found,/audio/mound.mp3,/audio/found_rhyme.mp3,0,0
mouse,spouse,/audio/mouse.mp3,/audio/spouse_rhyme.mp3,2,1
house,spouse,/audio/house.mp3,/audio/spouse_rhyme.mp3,2,1
blouse,spouse,/audio/blouse.mp3,/audio/spouse_rhyme.mp3,0,0
browse,spouse,/audio/browse.mp3,/audio/spouse_rhyme.mp3,0,0
rouse,spouse,/audio/rouse.mp3,/audio/spouse_rhyme.mp3,2,1
lace,place,/audio/lace.mp3,/audio/place_rhyme.mp3,2,1
face,place,/audio/face.mp3,/audio/place_rhyme.mp3,2,1
grace,place,/audio/grace.mp3,/audio/place_rhyme.mp3,0,0
base,case,/audio/base.mp3,/audio/case_rhyme.mp3,0,0
chase,case,/audio/chase.mp3,/audio/case_rhyme.mp3,2,1
space,case,/audio/space.mp3,/audio/case_rhyme.mp3,2,1
race,place,/audio/race.mp3,/audio/place_rhyme.mp3,2,1
pace,place,/audio/pace.mp3,/audio/place_rhyme.mp3,2,1
trace,place,/audio/trace.mp3,/audio/place_rhyme.mp3,0,0
time,dime,/audio/time.mp3,/audio/dime_rhyme.mp3,0,0
lime,dime,/audio/lime.mp3,/audio/dime_rhyme.mp3,0,0
crime,dime,/audio/crime.mp3,/audio/dime_rhyme.mp3,2,1
chime,dime,/audio/chime.mp3,/audio/dime_rhyme.mp3,2,1
prime,dime,/audio/prime.mp3,/audio/dime_rhyme.mp3,2,1
rhyme,dime,/audio/rhyme.mp3,/audio/dime_rhyme.mp3,2,1
vine,dine,/audio/vine.mp3,/audio/dine_rhyme.mp3,0,0
line,dine,/audio/line.mp3,/audio/dine_rhyme.mp3,0,0
mine,dine,/audio/mine.mp3,/audio/dine_rhyme.mp3,0,0
shine,dine,/audio/shine.mp3,/audio/dine_rhyme.mp3,2,1
pine,dine,/audio/pine.mp3,/audio/dine_rhyme.mp3,0,0
fine,dine,/audio/fine.mp3,/audio/dine_rhyme.mp3,0,0
goat,float,/audio/goat.mp3,/audio/float_rhyme.mp3,2,1
boat,float,/audio/boat.mp3,/audio/float_rhyme.mp3,2,1
moat,float,/audio/moat.mp3,/audio/float_rhyme.mp3,2,1
wrote,float,/audio/wrote.mp3,/audio/float_rhyme.mp3,0,0
note,vote,/audio/note.mp3,/audio/vote_rhyme.mp3,0,0
quote,vote,/audio/quote.mp3,/audio/vote_rhyme.mp3,2,1
dote,vote,/audio/dote.mp3,/audio/vote_rhyme.mp3,0,0
tote,vote,/audio/tote.mp3,/audio/vote_rhyme.mp3,0,0
groan,own,/audio/groan.mp3,/audio/own_rhyme.mp3,3,2
stone,own,/audio/stone.mp3,/audio/own_rhyme.mp3,3,2
throne,own,/audio/throne.mp3,/audio/own_rhyme.mp3,4,3
bone,own,/audio/bone.mp3,/audio/own_rhyme.mp3,2,1
phone,own,/audio/phone.mp3,/audio/own_rhyme.mp3,3,2
cone,own,/audio/cone.mp3,/audio/own_rhyme.mp3,2,1
zone,own,/audio/zone.mp3,/audio/own_rhyme.mp3,2,1
pail,tail,/audio/pail.mp3,/audio/tail_rhyme.mp3,0,0
mail,tail,/audio/mail.mp3,/audio/tail_rhyme.mp3,0,0
sail,tail,/audio/sail.mp3,/audio/tail_rhyme.mp3,0,0
whale,tail,/audio/whale.mp3,/audio/tail_rhyme.mp3,2,1
scale,tail,/audio/scale.mp3,/audio/tail_rhyme.mp3,2,1
trail,tail,/audio/trail.mp3,/audio/tail_rhyme.mp3,2,1
fail,tail,/audio/fail.mp3,/audio/tail_rhyme.mp3,0,0
tale,scale,/audio/tale.mp3,/audio/scale_rhyme.mp3,2,1
vale,scale,/audio/vale.mp3,/audio/scale_rhyme.mp3,2,1
male,scale,/audio/male.mp3,/audio/scale_rhyme.mp3,2,1
sale,scale,/audio/sale.mp3,/audio/scale_rhyme.mp3,2,1
pale,scale,/audio/pale.mp3,/audio/scale_rhyme.mp3,2,1
heel,feel,/audio/heel.mp3,/audio/feel_rhyme.mp3,0,0
wheel,feel,/audio/wheel.mp3,/audio/feel_rhyme.mp3,2,1
deal,feel,/audio/deal.mp3,/audio/feel_rhyme.mp3,0,0
steal,feel,/audio/steal.mp3,/audio/feel_rhyme.mp3,2,1
meal,feel,/audio/meal.mp3,/audio/feel_rhyme.mp3,0,0
real,feel,/audio/real.mp3,/audio/feel_rhyme.mp3,0,0
peel,feel,/audio/peel.mp3,/audio/feel_rhyme.mp3,0,0
seal,feel,/audio/seal.mp3,/audio/feel_rhyme.mp3,0,0
steel,feel,/audio/steel.mp3,/audio/feel_rhyme.mp3,2,1
reel,feel,/audio/reel.mp3,/audio/feel_rhyme.mp3,0,0
kneel,feel,/audio/kneel.mp3,/audio/feel_rhyme.mp3,2,1
teal,feel,/audio/teal.mp3,/audio/feel_rhyme.mp3,0,0
zeal,feel,/audio/zeal.mp3,/audio/feel_rhyme.mp3,0,0
veil,fail,/audio/veil.mp3,/audio/fail_rhyme.mp3,0,0
wail,fail,/audio/wail.mp3,/audio/fail_rhyme.mp3,0,0
frail,fail,/audio/frail.mp3,/audio/fail_rhyme.mp3,2,1
snail,fail,/audio/snail.mp3,/audio/fail_rhyme.mp3,2,1
grail,fail,/audio/grail.mp3,/audio/fail_rhyme.mp3,2,1
avail,fail,/audio/avail.mp3,/audio/fail_rhyme.mp3,2,1
detail,tail,/audio/detail.mp3,/audio/tail_rhyme.mp3,4,2
retail,tail,/audio/retail.mp3,/audio/tail_rhyme.mp3,4,2
prevail,tail,/audio/prevail.mp3,/audio/tail_rhyme.mp3,4,3
curtain,certain,/audio/curtain.mp3,/audio/certain_rhyme.mp3,0,0
mountain,fountain,/audio/mountain.mp3,/audio/fountain_rhyme.mp3,0,0
kitten,written,/audio/kitten.mp3,/audio/written_rhyme.mp3,2,1
bitten,written,/audio/bitten.mp3,/audio/written_rhyme.mp3,2,1
smitten,written,/audio/smitten.mp3,/audio/written_rhyme.mp3,0,0
hidden,written,/audio/hidden.mp3,/audio/written_rhyme.mp3,2,1
mittens,kittens,/audio/mittens.mp3,/audio/kittens_rhyme.mp3,0,0
victims,systems,/audio/victims.mp3,/audio/systems_rhyme.mp3,0,0
rhythm,written,/audio/rhythm.mp3,/audio/written_rhyme.mp3,2,1
wisdom,system,/audio/wisdom.mp3,/audio/system_rhyme.mp3,0,0
prism,system,/audio/prism.mp3,/audio/system_rhyme.mp3,2,1
thorn,born,/audio/thorn.mp3,/audio/born_rhyme.mp3,2,1
worn,born,/audio/worn.mp3,/audio/born_rhyme.mp3,0,0
sworn,born,/audio/sworn.mp3,/audio/born_rhyme.mp3,2,1
scorn,born,/audio/scorn.mp3,/audio/born_rhyme.mp3,2,1
torn,born,/audio/torn.mp3,/audio/born_rhyme.mp3,0,0
dawn,lawn,/audio/dawn.mp3,/audio/lawn_rhyme.mp3,0,0
pawn,lawn,/audio/pawn.mp3,/audio/lawn_rhyme.mp3,0,0
yawn,lawn,/audio/yawn.mp3,/audio/lawn_rhyme.mp3,0,0
drawn,lawn,/audio/drawn.mp3,/audio/lawn_rhyme.mp3,2,1
fawn,lawn,/audio/fawn.mp3,/audio/lawn_rhyme.mp3,0,0
brawn,lawn,/audio/brawn.mp3,/audio/lawn_rhyme.mp3,2,1
gone,upon,/audio/gone.mp3,/audio/upon_rhyme.mp3,0,0
anon,upon,/audio/anon.mp3,/audio/upon_rhyme.mp3,0,0
swoon,noon,/audio/swoon.mp3,/audio/noon_rhyme.mp3,2,1
soon,noon,/audio/soon.mp3,/audio/noon_rhyme.mp3,0,0
spoon,noon,/audio/spoon.mp3,/audio/noon_rhyme.mp3,2,1
tune,moon,/audio/tune.mp3,/audio/moon_rhyme.mp3,0,0
dune,moon,/audio/dune.mp3,/audio/moon_rhyme.mp3,0,0
rune,moon,/audio/rune.mp3,/audio/moon_rhyme.mp3,0,0
boon,noon,/audio/boon.mp3,/audio/noon_rhyme.mp3,0,0
prune,moon,/audio/prune.mp3,/audio/moon_rhyme.mp3,2,1
june,moon,/audio/june.mp3,/audio/moon_rhyme.mp3,0,0
croon,noon,/audio/croon.mp3,/audio/noon_rhyme.mp3,2,1
lagoon,noon,/audio/lagoon.mp3,/audio/noon_rhyme.mp3,4,2
buffoon,noon,/audio/buffoon.mp3,/audio/noon_rhyme.mp3,4,3
immune,tune,/audio/immune.mp3,/audio/tune_rhyme.mp3,4,2
commune,tune,/audio/commune.mp3,/audio/tune_rhyme.mp3,4,3
opportune,tune,/audio/opportune.mp3,/audio/tune_rhyme.mp3,4,5
fortune,importune,/audio/fortune.mp3,/audio/importune_rhyme.mp3,4,2
cartoon,moon,/audio/cartoon.mp3,/audio/moon_rhyme.mp3,4,3
tycoon,moon,/audio/tycoon.mp3,/audio/moon_rhyme.mp3,4,2
maroon,noon,/audio/maroon.mp3,/audio/noon_rhyme.mp3,4,2
harpoon,noon,/audio/harpoon.mp3,/audio/noon_rhyme.mp3,4,3
baboon,noon,/audio/baboon.mp3,/audio/noon_rhyme.mp3,4,2
raccoon,noon,/audio/raccoon.mp3,/audio/noon_rhyme.mp3,4,3
typhoon,moon,/audio/typhoon.mp3,/audio/moon_rhyme.mp3,4,3
saloon,noon,/audio/saloon.mp3,/audio/noon_rhyme.mp3,4,2
platoon,moon,/audio/platoon.mp3,/audio/moon_rhyme.mp3,4,3
festoon,moon,/audio/festoon.mp3,/audio/moon_rhyme.mp3,4,3
spittoon,moon,/audio/spittoon.mp3,/audio/moon_rhyme.mp3,4,4
bassoon,noon,/audio/bassoon.mp3,/audio/noon_rhyme.mp3,4,3
grandeur,wander,/audio/grandeur.mp3,/audio/wander_rhyme.mp3,4,2
standard,wander,/audio/standard.mp3,/audio/wander_rhyme.mp3,4,2
meander,wander,/audio/meander.mp3,/audio/wander_rhyme.mp3,2,1
commander,wander,/audio/commander.mp3,/audio/wander_rhyme.mp3,4,3
surrender,wander,/audio/surrender.mp3,/audio/wander_rhyme.mp3,4,3
slender,render,/audio/slender.mp3,/audio/render_rhyme.mp3,2,1
tender,render,/audio/tender.mp3,/audio/render_rhyme.mp3,0,0
bender,render,/audio/bender.mp3,/audio/render_rhyme.mp3,0,0
fender,render,/audio/fender.mp3,/audio/render_rhyme.mp3,0,0
gender,render,/audio/gender.mp3,/audio/render_rhyme.mp3,0,0
lender,render,/audio/lender.mp3,/audio/render_rhyme.mp3,0,0
mender,render,/audio/mender.mp3,/audio/render_rhyme.mp3,0,0
splendor,render,/audio/splendor.mp3,/audio/render_rhyme.mp3,4,2
pretender,render,/audio/pretender.mp3,/audio/render_rhyme.mp3,4,3
defender,render,/audio/defender.mp3,/audio/render_rhyme.mp3,4,2
offender,render,/audio/offender.mp3,/audio/render_rhyme.mp3,4,2
ascender,render,/audio/ascender.mp3,/audio/render_rhyme.mp3,4,2
descender,render,/audio/descender.mp3,/audio/render_rhyme.mp3,4,3
contender,render,/audio/contender.mp3,/audio/render_rhyme.mp3,4,3
suspender,render,/audio/suspender.mp3,/audio/render_rhyme.mp3,4,3
calendar,vendor,/audio/calendar.mp3,/audio/vendor_rhyme.mp3,4,2
vendor,fender,/audio/vendor.mp3,/audio/fender_rhyme.mp3,0,0
clue,glue,/audio/clue.mp3,/audio/glue_rhyme.mp3,0,0
crew,knew,/audio/crew.mp3,/audio/knew_rhyme.mp3,0,0
threw,blue,/audio/threw.mp3,/audio/blue_rhyme.mp3,2,1
flew,new,/audio/flew.mp3,/audio/new_rhyme.mp3,2,1
stew,through,/audio/stew.mp3,/audio/through_rhyme.mp3,4,3
cue,you,/audio/cue.mp3,/audio/you_rhyme.mp3,0,0
view,through,/audio/view.mp3,/audio/through_rhyme.mp3,4,3
issue,tissue,/audio/issue.mp3,/audio/tissue_rhyme.mp3,2,1
missile,whistle,/audio/missile.mp3,/audio/whistle_rhyme.mp3,0,0
thistle,bristle,/audio/thistle.mp3,/audio/bristle_rhyme.mp3,1,0
pistol,crystal,/audio/pistol.mp3,/audio/crystal_rhyme.mp3,2,1
vessel,wrestle,/audio/vessel.mp3,/audio/wrestle_rhyme.mp3,2,1
muscle,rustle,/audio/muscle.mp3,/audio/rustle_rhyme.mp3,1,0
puzzle,muzzle,/audio/puzzle.mp3,/audio/muzzle_rhyme.mp3,1,0
struggle,juggle,/audio/struggle.mp3,/audio/juggle_rhyme.mp3,4,2
snuggle,muggle,/audio/snuggle.mp3,/audio/muggle_rhyme.mp3,2,1
giggle,wiggle,/audio/giggle.mp3,/audio/wiggle_rhyme.mp3,1,0
crackle,tackle,/audio/crackle.mp3,/audio/tackle_rhyme.mp3,2,1
shackle,cackle,/audio/shackle.mp3,/audio/cackle_rhyme.mp3,2,1
sprinkle,wrinkle,/audio/sprinkle.mp3,/audio/wrinkle_rhyme.mp3,2,1
twinkle,sprinkle,/audio/twinkle.mp3,/audio/sprinkle_rhyme.mp3,2,1
crinkle,twinkle,/audio/crinkle.mp3,/audio/twinkle_rhyme.mp3,1,0
drizzle,fizzle,/audio/drizzle.mp3,/audio/fizzle_rhyme.mp3,2,1
sizzle,drizzle,/audio/sizzle.mp3,/audio/drizzle_rhyme.mp3,2,1
whittle,little,/audio/whittle.mp3,/audio/little_rhyme.mp3,2,1
riddle,middle,/audio/riddle.mp3,/audio/middle_rhyme.mp3,1,0
fiddle,riddle,/audio/fiddle.mp3,/audio/riddle_rhyme.mp3,1,0
tickle,pickle,/audio/tickle.mp3,/audio/pickle_rhyme.mp3,1,0
wriggle,giggle,/audio/wriggle.mp3,/audio/giggle_rhyme.mp3,2,1
wrestle,nestle,/audio/wrestle.mp3,/audio/nestle_rhyme.mp3,2,1
bustle,rustle,/audio/bustle.mp3,/audio/rustle_rhyme.mp3,1,0
hustle,rustle,/audio/hustle.mp3,/audio/rustle_rhyme.mp3,1,0
jostle,apostle,/audio/jostle.mp3,/audio/apostle_rhyme.mp3,2,1
throttle,bottle,/audio/throttle.mp3,/audio/bottle_rhyme.mp3,4,2
model,waddle,/audio/model.mp3,/audio/waddle_rhyme.mp3,2,1
toddle,model,/audio/toddle.mp3,/audio/model_rhyme.mp3,2,1
coddle,model,/audio/coddle.mp3,/audio/model_rhyme.mp3,2,1
nodule,module,/audio/nodule.mp3,/audio/module_rhyme.mp3,1,0
globule,nodule,/audio/globule.mp3,/audio/nodule_rhyme.mp3,2,1
capsule,granule,/audio/capsule.mp3,/audio/granule_rhyme.mp3,1,0
granule,manual,/audio/granule.mp3,/audio/manual_rhyme.mp3,2,1
annual,manual,/audio/annual.mp3,/audio/manual_rhyme.mp3,1,0
casual,visual,/audio/casual.mp3,/audio/visual_rhyme.mp3,1,0
usual,casual,/audio/usual.mp3,/audio/casual_rhyme.mp3,2,1
refusal,usual,/audio/refusal.mp3,/audio/usual_rhyme.mp3,4,2
proposal,usual,/audio/proposal.mp3,/audio/usual_rhyme.mp3,4,3
disposal,usual,/audio/disposal.mp3,/audio/usual_rhyme.mp3,4,3
appraisal,usual,/audio/appraisal.mp3,/audio/usual_rhyme.mp3,4,4
arrival,survival,/audio/arrival.mp3,/audio/survival_rhyme.mp3,2,1
revival,arrival,/audio/revival.mp3,/audio/arrival_rhyme.mp3,1,0
survival,rival,/audio/survival.mp3,/audio/rival_rhyme.mp3,4,3
tribal,survival,/audio/tribal.mp3,/audio/survival_rhyme.mp3,4,2
viral,spiral,/audio/viral.mp3,/audio/spiral_rhyme.mp3,2,1
spiral,lyrical,/audio/spiral.mp3,/audio/lyrical_rhyme.mp3,2,1
tyrannical,lyrical,/audio/tyrannical.mp3,/audio/lyrical_rhyme.mp3,4,3
cynical,lyrical,/audio/cynical.mp3,/audio/lyrical_rhyme.mp3,1,0
clinical,pinnacle,/audio/clinical.mp3,/audio/pinnacle_rhyme.mp3,1,0
pinnacle,miracle,/audio/pinnacle.mp3,/audio/miracle_rhyme.mp3,2,1
oracle,pinnacle,/audio/oracle.mp3,/audio/pinnacle_rhyme.mp3,4,2
obstacle,article,/audio/obstacle.mp3,/audio/article_rhyme.mp3,2,1
particle,article,/audio/particle.mp3,/audio/article_rhyme.mp3,2,1
spectacle,article,/audio/spectacle.mp3,/audio/article_rhyme.mp3,4,2
tentacle,spectacle,/audio/tentacle.mp3,/audio/spectacle_rhyme.mp3,2,1
vehicle,icicle,/audio/vehicle.mp3,/audio/icicle_rhyme.mp3,2,1
vesicle,icicle,/audio/vesicle.mp3,/audio/icicle_rhyme.mp3,2,1
cubicle,icicle,/audio/cubicle.mp3,/audio/icicle_rhyme.mp3,2,1
popsicle,icicle,/audio/popsicle.mp3,/audio/icicle_rhyme.mp3,4,2
principle,syllable,/audio/principle.mp3,/audio/syllable_rhyme.mp3,2,1
syllable,variable,/audio/syllable.mp3,/audio/variable_rhyme.mp3,1,0
cable,stable,/audio/cable.mp3,/audio/stable_rhyme.mp3,2,1
fable,stable,/audio/fable.mp3,/audio/stable_rhyme.mp3,2,1
table,stable,/audio/table.mp3,/audio/stable_rhyme.mp3,2,1
label,stable,/audio/label.mp3,/audio/stable_rhyme.mp3,2,1
gable,stable,/audio/gable.mp3,/audio/stable_rhyme.mp3,2,1
ramble,scramble,/audio/ramble.mp3,/audio/scramble_rhyme.mp3,4,2
gamble,scramble,/audio/gamble.mp3,/audio/scramble_rhyme.mp3,4,2
amble,scramble,/audio/amble.mp3,/audio/scramble_rhyme.mp3,4,3
trample,sample,/audio/trample.mp3,/audio/sample_rhyme.mp3,2,1
dimple,simple,/audio/dimple.mp3,/audio/simple_rhyme.mp3,1,0
temple,simple,/audio/temple.mp3,/audio/simple_rhyme.mp3,1,0
crumple,rumple,/audio/crumple.mp3,/audio/rumple_rhyme.mp3,2,1
grumble,rumble,/audio/grumble.mp3,/audio/rumble_rhyme.mp3,2,1
mumble,tumble,/audio/mumble.mp3,/audio/tumble_rhyme.mp3,1,0
jumble,rumble,/audio/jumble.mp3,/audio/rumble_rhyme.mp3,1,0
humble,rumble,/audio/humble.mp3,/audio/rumble_rhyme.mp3,1,0
thimble,nimble,/audio/thimble.mp3,/audio/nimble_rhyme.mp3,3,1
wimble,nimble,/audio/wimble.mp3,/audio/nimble_rhyme.mp3,1,0
tremble,assemble,/audio/tremble.mp3,/audio/assemble_rhyme.mp3,3,1
dissemble,assemble,/audio/dissemble.mp3,/audio/assemble_rhyme.mp3,3,1
resemble,assemble,/audio/resemble.mp3,/audio/assemble_rhyme.mp3,1,0
fumble,grumble,/audio/fumble.mp3,/audio/grumble_rhyme.mp3,3,1
stumble,rumble,/audio/stumble.mp3,/audio/rumble_rhyme.mp3,3,1
bundle,jumble,/audio/bundle.mp3,/audio/jumble_rhyme.mp3,1,0
cuddle,muddle,/audio/cuddle.mp3,/audio/muddle_rhyme.mp3,1,0
puddle,huddle,/audio/puddle.mp3,/audio/huddle_rhyme.mp3,1,0
nuzzle,puzzle,/audio/nuzzle.mp3,/audio/puzzle_rhyme.mp3,1,0
muzzle,puzzle,/audio/muzzle.mp3,/audio/puzzle_rhyme.mp3,1,0
muscle,rustle,/audio/muscle.mp3,/audio/rustle_rhyme.mp3,1,0
bustle,rustle,/audio/bustle.mp3,/audio/rustle_rhyme.mp3,1,0
hustle,rustle,/audio/hustle.mp3,/audio/rustle_rhyme.mp3,1,0
castle,hassle,/audio/castle.mp3,/audio/hassle_rhyme.mp3,1,0
tassel,hassle,/audio/tassel.mp3,/audio/hassle_rhyme.mp3,1,0
vassal,hassle,/audio/vassal.mp3,/audio/hassle_rhyme.mp3,1,0
rascal,basil,/audio/rascal.mp3,/audio/basil_rhyme.mp3,3,1
fiscal,whiskful,/audio/fiscal.mp3,/audio/whiskful_rhyme.mp3,4,2
riscal,whiskful,/audio/riscal.mp3,/audio/whiskful_rhyme.mp3,4,2
whistle,thistle,/audio/whistle.mp3,/audio/thistle_rhyme.mp3,1,0
bristle,thistle,/audio/bristle.mp3,/audio/thistle_rhyme.mp3,1,0
gristle,pistol,/audio/gristle.mp3,/audio/pistol_rhyme.mp3,3,1
crystal,pistol,/audio/crystal.mp3,/audio/pistol_rhyme.mp3,3,1
pistol,crystal,/audio/pistol.mp3,/audio/crystal_rhyme.mp3,3,1
missile,thistle,/audio/missile.mp3,/audio/thistle_rhyme.mp3,1,0
vessel,wrestle,/audio/vessel.mp3,/audio/wrestle_rhyme.mp3,3,1
wrestle,nestle,/audio/wrestle.mp3,/audio/nestle_rhyme.mp3,3,1
nestle,trestle,/audio/nestle.mp3,/audio/trestle_rhyme.mp3,3,1
trestle,pestle,/audio/trestle.mp3,/audio/pestle_rhyme.mp3,3,1
pestle,wrestle,/audio/pestle.mp3,/audio/wrestle_rhyme.mp3,3,1
throttle,bottle,/audio/throttle.mp3,/audio/bottle_rhyme.mp3,4,2
model,waddle,/audio/model.mp3,/audio/waddle_rhyme.mp3,3,1
coddle,model,/audio/coddle.mp3,/audio/model_rhyme.mp3,3,1
toddle,model,/audio/toddle.mp3,/audio/model_rhyme.mp3,3,1
nodule,module,/audio/nodule.mp3,/audio/module_rhyme.mp3,1,0
globule,nodule,/audio/globule.mp3,/audio/nodule_rhyme.mp3,3,1
capsule,granule,/audio/capsule.mp3,/audio/granule_rhyme.mp3,1,0
granule,annual,/audio/granule.mp3,/audio/annual_rhyme.mp3,3,1
manual,annual,/audio/manual.mp3,/audio/annual_rhyme.mp3,1,0
casual,visual,/audio/casual.mp3,/audio/visual_rhyme.mp3,1,0
usual,casual,/audio/usual.mp3,/audio/casual_rhyme.mp3,3,1
refusal,usual,/audio/refusal.mp3,/audio/usual_rhyme.mp3,4,2
proposal,usual,/audio/proposal.mp3,/audio/usual_rhyme.mp3,4,3
disposal,usual,/audio/disposal.mp3,/audio/usual_rhyme.mp3,4,3
appraisal,usual,/audio/appraisal.mp3,/audio/usual_rhyme.mp3,4,4
arrival,survival,/audio/arrival.mp3,/audio/survival_rhyme.mp3,3,1
revival,arrival,/audio/revival.mp3,/audio/arrival_rhyme.mp3,1,0
survival,tribal,/audio/survival.mp3,/audio/tribal_rhyme.mp3,4,2
rival,tribal,/audio/rival.mp3,/audio/tribal_rhyme.mp3,3,1
spiral,viral,/audio/spiral.mp3,/audio/viral_rhyme.mp3,3,1
lyrical,spiral,/audio/lyrical.mp3,/audio/spiral_rhyme.mp3,3,1
tyrannical,lyrical,/audio/tyrannical.mp3,/audio/lyrical_rhyme.mp3,4,3
cynical,lyrical,/audio/cynical.mp3,/audio/lyrical_rhyme.mp3,1,0
clinical,pinnacle,/audio/clinical.mp3,/audio/pinnacle_rhyme.mp3,1,0
pinnacle,miracle,/audio/pinnacle.mp3,/audio/miracle_rhyme.mp3,3,1
oracle,pinnacle,/audio/oracle.mp3,/audio/pinnacle_rhyme.mp3,4,2
obstacle,article,/audio/obstacle.mp3,/audio/article_rhyme.mp3,3,1
particle,article,/audio/particle.mp3,/audio/article_rhyme.mp3,3,1
spectacle,article,/audio/spectacle.mp3,/audio/article_rhyme.mp3,4,2
tentacle,spectacle,/audio/tentacle.mp3,/audio/spectacle_rhyme.mp3,3,1
vehicle,icicle,/audio/vehicle.mp3,/audio/icicle_rhyme.mp3,3,1
vesicle,icicle,/audio/vesicle.mp3,/audio/icicle_rhyme.mp3,3,1
cubicle,icicle,/audio/cubicle.mp3,/audio/icicle_rhyme.mp3,3,1
popsicle,icicle,/audio/popsicle.mp3,/audio/icicle_rhyme.mp3,4,2
principle,syllable,/audio/principle.mp3,/audio/syllable_rhyme.mp3,3,1
syllable,variable,/audio/syllable.mp3,/audio/variable_rhyme.mp3,1,0
cable,stable,/audio/cable.mp3,/audio/stable_rhyme.mp3,3,1
fable,stable,/audio/fable.mp3,/audio/stable_rhyme.mp3,3,1
table,stable,/audio/table.mp3,/audio/stable_rhyme.mp3,3,1
label,stable,/audio/label.mp3,/audio/stable_rhyme.mp3,3,1
gable,stable,/audio/gable.mp3,/audio/stable_rhyme.mp3,3,1
ramble,scramble,/audio/ramble.mp3,/audio/scramble_rhyme.mp3,4,2
gamble,scramble,/audio/gamble.mp3,/audio/scramble_rhyme.mp3,4,2
amble,scramble,/audio/amble.mp3,/audio/scramble_rhyme.mp3,4,3
trample,sample,/audio/trample.mp3,/audio/sample_rhyme.mp3,3,1
dimple,simple,/audio/dimple.mp3,/audio/simple_rhyme.mp3,1,0
temple,simple,/audio/temple.mp3,/audio/simple_rhyme.mp3,1,0
crumple,rumple,/audio/crumple.mp3,/audio/rumple_rhyme.mp3,3,1
grumble,rumble,/audio/grumble.mp3,/audio/rumble_rhyme.mp3,3,1
mumble,tumble,/audio/mumble.mp3,/audio/tumble_rhyme.mp3,1,0
jumble,rumble,/audio/jumble.mp3,/audio/rumble_rhyme.mp3,1,0
humble,rumble,/audio/humble.mp3,/audio/rumble_rhyme.mp3,1,0
thimble,nimble,/audio/thimble.mp3,/audio/nimble_rhyme.mp3,3,1
wimble,nimble,/audio/wimble.mp3,/audio/nimble_rhyme.mp3,1,0
tremble,assemble,/audio/tremble.mp3,/audio/assemble_rhyme.mp3,3,1
dissemble,assemble,/audio/dissemble.mp3,/audio/assemble_rhyme.mp3,3,1
resemble,assemble,/audio/resemble.mp3,/audio/assemble_rhyme.mp3,1,0
fumble,grumble,/audio/fumble.mp3,/audio/grumble_rhyme.mp3,3,1
stumble,rumble,/audio/stumble.mp3,/audio/rumble_rhyme.mp3,3,1
bundle,jumble,/audio/bundle.mp3,/audio/jumble_rhyme.mp3,1,0
cuddle,muddle,/audio/cuddle.mp3,/audio/muddle_rhyme.mp3,1,0
puddle,huddle,/audio/puddle.mp3,/audio/huddle_rhyme.mp3,1,0
nuzzle,puzzle,/audio/nuzzle.mp3,/audio/puzzle_rhyme.mp3,1,0
muzzle,puzzle,/audio/muzzle.mp3,/audio/puzzle_rhyme.mp3,1,0
muscle,rustle,/audio/muscle.mp3,/audio/rustle_rhyme.mp3,1,0
bustle,rustle,/audio/bustle.mp3,/audio/rustle_rhyme.mp3,1,0
hustle,rustle,/audio/hustle.mp3,/audio/rustle_rhyme.mp3,1,0
castle,hassle,/audio/castle.mp3,/audio/hassle_rhyme.mp3,1,0
tassel,hassle,/audio/tassel.mp3,/audio/hassle_rhyme.mp3,1,0
vassal,hassle,/audio/vassal.mp3,/audio/hassle_rhyme.mp3,1,0
rascal,basil,/audio/rascal.mp3,/audio/basil_rhyme.mp3,3,1
fiscal,whiskful,/audio/fiscal.mp3,/audio/whiskful_rhyme.mp3,4,2
riscal,whiskful,/audio/riscal.mp3,/audio/whiskful_rhyme.mp3,4,2
whistle,thistle,/audio/whistle.mp3,/audio/thistle_rhyme.mp3,1,0
bristle,thistle,/audio/bristle.mp3,/audio/thistle_rhyme.mp3,1,0
gristle,pistol,/audio/gristle.mp3,/audio/pistol_rhyme.mp3,3,1
crystal,pistol,/audio/crystal.mp3,/audio/pistol_rhyme.mp3,3,1
pistol,crystal,/audio/pistol.mp3,/audio/crystal_rhyme.mp3,3,1
missile,thistle,/audio/missile.mp3,/audio/thistle_rhyme.mp3,1,0
vessel,wrestle,/audio/vessel.mp3,/audio/wrestle_rhyme.mp3,3,1
wrestle,nestle,/audio/wrestle.mp3,/audio/nestle_rhyme.mp3,3,1
nestle,trestle,/audio/nestle.mp3,/audio/trestle_rhyme.mp3,3,1
trestle,pestle,/audio/trestle.mp3,/audio/pestle_rhyme.mp3,3,1
pestle,wrestle,/audio/pestle.mp3,/audio/wrestle_rhyme.mp3,3,1
throttle,bottle,/audio/throttle.mp3,/audio/bottle_rhyme.mp3,4,2
model,waddle,/audio/model.mp3,/audio/waddle_rhyme.mp3,3,1
coddle,model,/audio/coddle.mp3,/audio/model_rhyme.mp3,3,1
toddle,model,/audio/toddle.mp3,/audio/model_rhyme.mp3,3,1
nodule,module,/audio/nodule.mp3,/audio/module_rhyme.mp3,1,0
globule,nodule,/audio/globule.mp3,/audio/nodule_rhyme.mp3,3,1
capsule,granule,/audio/capsule.mp3,/audio/granule_rhyme.mp3,1,0
granule,annual,/audio/granule.mp3,/audio/annual_rhyme.mp3,3,1
manual,annual,/audio/manual.mp3,/audio/annual_rhyme.mp3,1,0
casual,visual,/audio/casual.mp3,/audio/visual_rhyme.mp3,1,0
usual,casual,/audio/usual.mp3,/audio/casual_rhyme.mp3,3,1
refusal,usual,/audio/refusal.mp3,/audio/usual_rhyme.mp3,4,2
proposal,usual,/audio/proposal.mp3,/audio/usual_rhyme.mp3,4,3
disposal,usual,/audio/disposal.mp3,/audio/usual_rhyme.mp3,4,3
appraisal,usual,/audio/appraisal.mp3,/audio/usual_rhyme.mp3,4,4
arrival,survival,/audio/arrival.mp3,/audio/survival_rhyme.mp3,3,1
revival,arrival,/audio/revival.mp3,/audio/arrival_rhyme.mp3,1,0
survival,tribal,/audio/survival.mp3,/audio/tribal_rhyme.mp3,4,2
rival,tribal,/audio/rival.mp3,/audio/tribal_rhyme.mp3,3,1
spiral,viral,/audio/spiral.mp3,/audio/viral_rhyme.mp3,3,1
lyrical,spiral,/audio/lyrical.mp3,/audio/spiral_rhyme.mp3,3,1
tyrannical,lyrical,/audio/tyrannical.mp3,/audio/lyrical_rhyme.mp3,4,3
cynical,lyrical,/audio/cynical.mp3,/audio/lyrical_rhyme.mp3,1,0
clinical,pinnacle,/audio/clinical.mp3,/audio/pinnacle_rhyme.mp3,1,0
pinnacle,miracle,/audio/pinnacle.mp3,/audio/miracle_rhyme.mp3,3,1
oracle,pinnacle,/audio/oracle.mp3,/audio/pinnacle_rhyme.mp3,4,2
obstacle,article,/audio/obstacle.mp3,/audio/article_rhyme.mp3,3,1
particle,article,/audio/particle.mp3,/audio/article_rhyme.mp3,3,1
spectacle,article,/audio/spectacle.mp3,/audio/article_rhyme.mp3,4,2
tentacle,spectacle,/audio/tentacle.mp3,/audio/spectacle_rhyme.mp3,3,1
vehicle,icicle,/audio/vehicle.mp3,/audio/icicle_rhyme.mp3,3,1
vesicle,icicle,/audio/vesicle.mp3,/audio/icicle_rhyme.mp3,3,1
cubicle,icicle,/audio/cubicle.mp3,/audio/icicle_rhyme.mp3,3,1
popsicle,icicle,/audio/popsicle.mp3,/audio/icicle_rhyme.mp3,4,2
principle,syllable,/audio/principle.mp3,/audio/syllable_rhyme.mp3,3,1
syllable,variable,/audio/syllable.mp3,/audio/variable_rhyme.mp3,1,0
cable,stable,/audio/cable.mp3,/audio/stable_rhyme.mp3,3,1
fable,stable,/audio/fable.mp3,/audio/stable_rhyme.mp3,3,1
table,stable,/audio/table.mp3,/audio/stable_rhyme.mp3,3,1
label,stable,/audio/label.mp3,/audio/stable_rhyme.mp3,3,1
gable,stable,/audio/gable.mp3,/audio/stable_rhyme.mp3,3,1
ramble,scramble,/audio/ramble.mp3,/audio/scramble_rhyme.mp3,4,2
gamble,scramble,/audio/gamble.mp3,/audio/scramble_rhyme.mp3,4,2
amble,scramble,/audio/amble.mp3,/audio/scramble_rhyme.mp3,4,3
trample,sample,/audio/trample.mp3,/audio/sample_rhyme.mp3,3,1
dimple,simple,/audio/dimple.mp3,/audio/simple_rhyme.mp3,1,0
temple,simple,/audio/temple.mp3,/audio/simple_rhyme.mp3,1,0
crumple,rumple,/audio/crumple.mp3,/audio/rumple_rhyme.mp3,3,1
grumble,rumble,/audio/grumble.mp3,/audio/rumble_rhyme.mp3,3,1
mumble,tumble,/audio/mumble.mp3,/audio/tumble_rhyme.mp3,1,0
jumble,rumble,/audio/jumble.mp3,/audio/rumble_rhyme.mp3,1,0
humble,rumble,/audio/humble.mp3,/audio/rumble_rhyme.mp3,1,0
thimble,nimble,/audio/thimble.mp3,/audio/nimble_rhyme.mp3,3,1
wimble,nimble,/audio/wimble.mp3,/audio/nimble_rhyme.mp3,1,0
tremble,assemble,/audio/tremble.mp3,/audio/assemble_rhyme.mp3,3,1
dissemble,assemble,/audio/dissemble.mp3,/audio/assemble_rhyme.mp3,3,1
resemble,assemble,/audio/resemble.mp3,/audio/assemble_rhyme.mp3,1,0
wrangle,tangle,/audio/wrangle.mp3,/audio/tangle_rhyme.mp3,3,1
spangle,tangle,/audio/spangle.mp3,/audio/tangle_rhyme.mp3,3,1
dangle,tangle,/audio/dangle.mp3,/audio/tangle_rhyme.mp3,1,0
jangle,tangle,/audio/jangle.mp3,/audio/tangle_rhyme.mp3,1,0
mangle,tangle,/audio/mangle.mp3,/audio/tangle_rhyme.mp3,1,0
strangle,tangle,/audio/strangle.mp3,/audio/tangle_rhyme.mp3,4,2
angle,tangle,/audio/angle.mp3,/audio/tangle_rhyme.mp3,3,1
twang,sang,/audio/twang.mp3,/audio/sang_rhyme.mp3,3,1
clang,sang,/audio/clang.mp3,/audio/sang_rhyme.mp3,3,1
fang,sang,/audio/fang.mp3,/audio/sang_rhyme.mp3,1,0
gang,sang,/audio/gang.mp3,/audio/sang_rhyme.mp3,1,0
slang,sang,/audio/slang.mp3,/audio/sang_rhyme.mp3,3,1
whang,sang,/audio/whang.mp3,/audio/sang_rhyme.mp3,3,1
bang,sang,/audio/bang.mp3,/audio/sang_rhyme.mp3,1,0
hang,sang,/audio/hang.mp3,/audio/sang_rhyme.mp3,1,0
pang,sang,/audio/pang.mp3,/audio/sang_rhyme.mp3,1,0
rang,sang,/audio/rang.mp3,/audio/sang_rhyme.mp3,1,0
sprang,sang,/audio/sprang.mp3,/audio/sang_rhyme.mp3,4,2
tang,sang,/audio/tang.mp3,/audio/sang_rhyme.mp3,1,0
behold,told,/audio/behold.mp3,/audio/told_rhyme.mp3,4,2
sold,told,/audio/sold.mp3,/audio/told_rhyme.mp3,1,0
rolled,told,/audio/rolled.mp3,/audio/told_rhyme.mp3,4,2
fold,told,/audio/fold.mp3,/audio/told_rhyme.mp3,1,0
controlled,told,/audio/controlled.mp3,/audio/told_rhyme.mp3,4,6
patrolled,told,/audio/patrolled.mp3,/audio/told_rhyme.mp3,4,5
bemoaned,moaned,/audio/bemoaned.mp3,/audio/moaned_rhyme.mp3,4,2
stoned,moaned,/audio/stoned.mp3,/audio/moaned_rhyme.mp3,1,0
phoned,moaned,/audio/phoned.mp3,/audio/moaned_rhyme.mp3,1,0
coned,moaned,/audio/coned.mp3,/audio/moaned_rhyme.mp3,3,1
zoned,moaned,/audio/zoned.mp3,/audio/moaned_rhyme.mp3,3,1
loaned,moaned,/audio/loaned.mp3,/audio/moaned_rhyme.mp3,1,0
groaned,moaned,/audio/groaned.mp3,/audio/moaned_rhyme.mp3,3,1
enthroned,moaned,/audio/enthroned.mp3,/audio/moaned_rhyme.mp3,4,3
postponed,moaned,/audio/postponed.mp3,/audio/moaned_rhyme.mp3,4,3
attoned,moaned,/audio/attoned.mp3,/audio/moaned_rhyme.mp3,3,1
dethroned,moaned,/audio/dethroned.mp3,/audio/moaned_rhyme.mp3,4,3
flown,known,/audio/flown.mp3,/audio/known_rhyme.mp3,1,0
grown,known,/audio/grown.mp3,/audio/known_rhyme.mp3,1,0
thrown,known,/audio/thrown.mp3,/audio/known_rhyme.mp3,3,1
shown,known,/audio/shown.mp3,/audio/known_rhyme.mp3,1,0
blown,known,/audio/blown.mp3,/audio/known_rhyme.mp3,1,0
sown,known,/audio/sown.mp3,/audio/known_rhyme.mp3,3,1
mown,known,/audio/mown.mp3,/audio/known_rhyme.mp3,3,1
overgrown,known,/audio/overgrown.mp3,/audio/known_rhyme.mp3,4,4
withdrawn,known,/audio/withdrawn.mp3,/audio/known_rhyme.mp3,4,4
ingrown,known,/audio/ingrown.mp3,/audio/known_rhyme.mp3,4,2
flown,own,/audio/flown.mp3,/audio/own_rhyme.mp3,4,2
town,down,/audio/town.mp3,/audio/down_rhyme.mp3,1,0
crown,down,/audio/crown.mp3,/audio/down_rhyme.mp3,3,1
frown,down,/audio/frown.mp3,/audio/down_rhyme.mp3,3,1
gown,down,/audio/gown.mp3,/audio/down_rhyme.mp3,1,0
renowned,down,/audio/renowned.mp3,/audio/down_rhyme.mp3,4,4
drowned,down,/audio/drowned.mp3,/audio/down_rhyme.mp3,4,3
around,down,/audio/around.mp3,/audio/down_rhyme.mp3,4,2
expound,down,/audio/expound.mp3,/audio/down_rhyme.mp3,4,3
profound,down,/audio/profound.mp3,/audio/down_rhyme.mp3,4,4
astound,down,/audio/astound.mp3,/audio/down_rhyme.mp3,4,3
hound,found,/audio/hound.mp3,/audio/found_rhyme.mp3,1,0
pound,found,/audio/pound.mp3,/audio/found_rhyme.mp3,1,0
mound,found,/audio/mound.mp3,/audio/found_rhyme.mp3,1,0
ground,found,/audio/ground.mp3,/audio/found_rhyme.mp3,3,1
wound,found,/audio/wound.mp3,/audio/found_rhyme.mp3,1,0
bound,found,/audio/bound.mp3,/audio/found_rhyme.mp3,1,0
surround,found,/audio/surround.mp3,/audio/found_rhyme.mp3,4,3
abound,found,/audio/abound.mp3,/audio/found_rhyme.mp3,3,1
redound,found,/audio/redound.mp3,/audio/found_rhyme.mp3,4,2
profound,found,/audio/profound.mp3,/audio/found_rhyme.mp3,4,3
astound,found,/audio/astound.mp3,/audio/found_rhyme.mp3,4,2
confound,found,/audio/confound.mp3,/audio/found_rhyme.mp3,4,3
word1,word2,/audio/word1.mp3,/audio/word2_rhyme.mp3,1,0
sound,round,/audio/sound.mp3,/audio/round_rhyme.mp3,1,0
compound,round,/audio/compound.mp3,/audio/round_rhyme.mp3,4,3
profound,round,/audio/profound.mp3,/audio/round_rhyme.mp3,4,3
astound,round,/audio/astound.mp3,/audio/round_rhyme.mp3,4,2
confound,round,/audio/confound.mp3,/audio/round_rhyme.mp3,4,3
abound,round,/audio/abound.mp3,/audio/round_rhyme.mp3,3,1
redound,round,/audio/redound.mp3,/audio/round_rhyme.mp3,4,2
renowned,round,/audio/renowned.mp3,/audio/round_rhyme.mp3,4,3
drowned,round,/audio/drowned.mp3,/audio/round_rhyme.mp3,4,2
around,round,/audio/around.mp3,/audio/round_rhyme.mp3,3,1
expound,round,/audio/expound.mp3,/audio/round_rhyme.mp3,4,2
bound,sound,/audio/bound.mp3,/audio/sound_rhyme.mp3,1,0
found,sound,/audio/found.mp3,/audio/sound_rhyme.mp3,1,0
ground,sound,/audio/ground.mp3,/audio/sound_rhyme.mp3,3,1
mound,sound,/audio/mound.mp3,/audio/sound_rhyme.mp3,1,0
pound,sound,/audio/pound.mp3,/audio/sound_rhyme.mp3,1,0
wound,sound,/audio/wound.mp3,/audio/sound_rhyme.mp3,1,0
surround,sound,/audio/surround.mp3,/audio/sound_rhyme.mp3,4,3
abound,sound,/audio/abound.mp3,/audio/sound_rhyme.mp3,3,1
redound,sound,/audio/redound.mp3,/audio/sound_rhyme.mp3,4,2
profound,sound,/audio/profound.mp3,/audio/sound_rhyme.mp3,4,3
astound,sound,/audio/astound.mp3,/audio/sound_rhyme.mp3,4,2
confound,sound,/audio/confound.mp3,/audio/sound_rhyme.mp3,4,3
clown,brown,/audio/clown.mp3,/audio/brown_rhyme.mp3,1,0
down,brown,/audio/down.mp3,/audio/brown_rhyme.mp3,3,1
frown,brown,/audio/frown.mp3,/audio/brown_rhyme.mp3,1,0
gown,brown,/audio/gown.mp3,/audio/brown_rhyme.mp3,3,1
renowned,brown,/audio/renowned.mp3,/audio/brown_rhyme.mp3,4,3
drowned,brown,/audio/drowned.mp3,/audio/brown_rhyme.mp3,4,2
around,brown,/audio/around.mp3,/audio/brown_rhyme.mp3,3,1
expound,brown,/audio/expound.mp3,/audio/brown_rhyme.mp3,4,2
profound,brown,/audio/profound.mp3,/audio/brown_rhyme.mp3,4,3
astound,brown,/audio/astound.mp3,/audio/brown_rhyme.mp3,4,2
confound,brown,/audio/confound.mp3,/audio/brown_rhyme.mp3,4,3
own,stone,/audio/own.mp3,/audio/stone_rhyme.mp3,4,2
known,stone,/audio/known.mp3,/audio/stone_rhyme.mp3,1,0
shown,stone,/audio/shown.mp3,/audio/stone_rhyme.mp3,1,0
grown,stone,/audio/grown.mp3,/audio/stone_rhyme.mp3,1,0
thrown,stone,/audio/thrown.mp3,/audio/stone_rhyme.mp3,3,1
blown,stone,/audio/blown.mp3,/audio/stone_rhyme.mp3,1,0
sown,stone,/audio/sown.mp3,/audio/stone_rhyme.mp3,3,1
mown,stone,/audio/mown.mp3,/audio/stone_rhyme.mp3,3,1
overgrown,stone,/audio/overgrown.mp3,/audio/stone_rhyme.mp3,4,4
withdrawn,stone,/audio/withdrawn.mp3,/audio/stone_rhyme.mp3,4,4
ingrown,stone,/audio/ingrown.mp3,/audio/stone_rhyme.mp3,4,2
moaned,stoned,/audio/moaned.mp3,/audio/stoned_rhyme.mp3,1,0
groaned,stoned,/audio/groaned.mp3,/audio/stoned_rhyme.mp3,3,1
loaned,stoned,/audio/loaned.mp3,/audio/stoned_rhyme.mp3,1,0
phoned,stoned,/audio/phoned.mp3,/audio/stoned_rhyme.mp3,1,0
coned,stoned,/audio/coned.mp3,/audio/stoned_rhyme.mp3,3,1
zoned,stoned,/audio/zoned.mp3,/audio/stoned_rhyme.mp3,3,1
attoned,stoned,/audio/attoned.mp3,/audio/stoned_rhyme.mp3,3,1
dethroned,stoned,/audio/dethroned.mp3,/audio/stoned_rhyme.mp3,4,3
postponed,stoned,/audio/postponed.mp3,/audio/stoned_rhyme.mp3,4,3
bemoaned,stoned,/audio/bemoaned.mp3,/audio/stoned_rhyme.mp3,4,2
told,sold,/audio/told.mp3,/audio/sold_rhyme.mp3,1,0
rolled,sold,/audio/rolled.mp3,/audio/sold_rhyme.mp3,4,2
fold,sold,/audio/fold.mp3,/audio/sold_rhyme.mp3,1,0
controlled,sold,/audio/controlled.mp3,/audio/sold_rhyme.mp3,4,6
patrolled,sold,/audio/patrolled.mp3,/audio/sold_rhyme.mp3,4,5
behold,sold,/audio/behold.mp3,/audio/sold_rhyme.mp3,4,2
sang,twang,/audio/sang.mp3,/audio/twang_rhyme.mp3,3,1
clang,twang,/audio/clang.mp3,/audio/twang_rhyme.mp3,1,0
fang,twang,/audio/fang.mp3,/audio/twang_rhyme.mp3,3,1
gang,twang,/audio/gang.mp3,/audio/twang_rhyme.mp3,3,1
slang,twang,/audio/slang.mp3,/audio/twang_rhyme.mp3,1,0
whang,twang,/audio/whang.mp3,/audio/twang_rhyme.mp3,1,0
bang,twang,/audio/bang.mp3,/audio/twang_rhyme.mp3,3,1
hang,twang,/audio/hang.mp3,/audio/twang_rhyme.mp3,3,1
pang,twang,/audio/pang.mp3,/audio/twang_rhyme.mp3,3,1
rang,twang,/audio/rang.mp3,/audio/twang_rhyme.mp3,3,1
sprang,twang,/audio/sprang.mp3,/audio/twang_rhyme.mp3,3,1
tang,twang,/audio/tang.mp3,/audio/twang_rhyme.mp3,3,1
tangle,wrangle,/audio/tangle.mp3,/audio/wrangle_rhyme.mp3,3,1
spangle,wrangle,/audio/spangle.mp3,/audio/wrangle_rhyme.mp3,1,0
dangle,wrangle,/audio/dangle.mp3,/audio/wrangle_rhyme.mp3,3,1
jangle,wrangle,/audio/jangle.mp3,/audio/wrangle_rhyme.mp3,3,1
mangle,wrangle,/audio/mangle.mp3,/audio/wrangle_rhyme.mp3,3,1
strangle,wrangle,/audio/strangle.mp3,/audio/wrangle_rhyme.mp3,3,1
angle,wrangle,/audio/angle.mp3,/audio/wrangle_rhyme.mp3,4,2
assemble,tremble,/audio/assemble.mp3,/audio/tremble_rhyme.mp3,3,1
dissemble,tremble,/audio/dissemble.mp3,/audio/tremble_rhyme.mp3,4,2
resemble,tremble,/audio/resemble.mp3,/audio/tremble_rhyme.mp3,3,1
nimble,thimble,/audio/nimble.mp3,/audio/thimble_rhyme.mp3,3,1
wimble,thimble,/audio/wimble.mp3,/audio/thimble_rhyme.mp3,3,1
rumble,jumble,/audio/rumble.mp3,/audio/jumble_rhyme.mp3,1,0
humble,jumble,/audio/humble.mp3,/audio/jumble_rhyme.mp3,1,0
tumble,jumble,/audio/tumble.mp3,/audio/jumble_rhyme.mp3,1,0
